Product_id,0,1,2,3
1,TRUE,TRUE,TRUE,TRUE
2,TRUE,TRUE,FALSE,TRUE
3,TRUE,TRUE,FALSE,TRUE
4,FALSE,TRUE,FALSE,TRUE
5,FALSE,TRUE,FALSE,TRUE
6,FALSE,TRUE,FALSE,TRUE
7,FALSE,TRUE,FALSE,FALSE
8,FALSE,TRUE,FALSE,FALSE
9,TRUE,TRUE,TRUE,TRUE
10,FALSE,TRUE,TRUE,TRUE
11,TRUE,FALSE,TRUE,TRUE
12,TRUE,TRUE,TRUE,TRUE
13,FALSE,TRUE,TRUE,TRUE
14,TRUE,TRUE,TRUE,TRUE
15,TRUE,TRUE,TRUE,TRUE
16,TRUE,TRUE,TRUE,FALSE
17,FALSE,TRUE,FALSE,TRUE
18,FALSE,FALSE,FALSE,FALSE
19,FALSE,TRUE,FALSE,FALSE
20,FALSE,TRUE,TRUE,FALSE
21,TRUE,TRUE,FALSE,TRUE
22,TRUE,TRUE,TRUE,TRUE
23,TRUE,TRUE,TRUE,TRUE
24,TRUE,TRUE,TRUE,TRUE
25,FALSE,FALSE,FALSE,FALSE
26,TRUE,TRUE,TRUE,TRUE
27,TRUE,TRUE,TRUE,TRUE
28,FALSE,FALSE,FALSE,FALSE
29,TRUE,TRUE,FALSE,TRUE
30,FALSE,TRUE,TRUE,FALSE
31,FALSE,TRUE,TRUE,FALSE
32,FALSE,TRUE,TRUE,FALSE
33,FALSE,TRUE,TRUE,FALSE
34,FALSE,TRUE,TRUE,FALSE
35,TRUE,TRUE,TRUE,TRUE
36,FALSE,FALSE,FALSE,FALSE
37,FALSE,FALSE,FALSE,FALSE
38,TRUE,FALSE,TRUE,TRUE
39,TRUE,FALSE,TRUE,TRUE
40,TRUE,TRUE,TRUE,TRUE
41,TRUE,TRUE,TRUE,TRUE
42,TRUE,TRUE,FALSE,TRUE
43,TRUE,TRUE,FALSE,FALSE
44,FALSE,TRUE,FALSE,FALSE
45,FALSE,FALSE,FALSE,FALSE
46,TRUE,TRUE,TRUE,TRUE
47,TRUE,TRUE,TRUE,TRUE
48,TRUE,TRUE,TRUE,TRUE
49,TRUE,FALSE,TRUE,FALSE
50,TRUE,TRUE,TRUE,FALSE
51,TRUE,FALSE,TRUE,FALSE
52,FALSE,FALSE,TRUE,FALSE
53,FALSE,FALSE,TRUE,FALSE
54,FALSE,FALSE,TRUE,FALSE
55,FALSE,FALSE,FALSE,FALSE
56,TRUE,TRUE,FALSE,TRUE
57,TRUE,TRUE,FALSE,TRUE
58,TRUE,TRUE,FALSE,TRUE
59,TRUE,TRUE,FALSE,TRUE
60,FALSE,FALSE,FALSE,FALSE
61,TRUE,TRUE,TRUE,TRUE
62,TRUE,TRUE,TRUE,TRUE
63,FALSE,TRUE,FALSE,TRUE
64,TRUE,TRUE,TRUE,FALSE
65,TRUE,TRUE,TRUE,FALSE
66,FALSE,TRUE,FALSE,FALSE
67,TRUE,TRUE,TRUE,TRUE
68,TRUE,TRUE,TRUE,TRUE
69,TRUE,FALSE,TRUE,TRUE
70,TRUE,FALSE,TRUE,TRUE
71,TRUE,FALSE,TRUE,TRUE
72,FALSE,FALSE,FALSE,FALSE
73,TRUE,FALSE,TRUE,TRUE
74,FALSE,FALSE,FALSE,FALSE
75,TRUE,FALSE,TRUE,FALSE
76,TRUE,FALSE,TRUE,FALSE
77,FALSE,FALSE,FALSE,FALSE
78,FALSE,FALSE,FALSE,FALSE
79,FALSE,FALSE,FALSE,FALSE
80,FALSE,FALSE,FALSE,FALSE
81,FALSE,FALSE,FALSE,FALSE
82,TRUE,FALSE,TRUE,TRUE
83,TRUE,FALSE,FALSE,FALSE
84,TRUE,TRUE,FALSE,TRUE
85,FALSE,FALSE,FALSE,FALSE
86,FALSE,FALSE,FALSE,FALSE
87,TRUE,TRUE,FALSE,TRUE
88,FALSE,FALSE,FALSE,FALSE
89,TRUE,TRUE,TRUE,TRUE
90,TRUE,TRUE,TRUE,TRUE
91,TRUE,TRUE,TRUE,TRUE
92,TRUE,TRUE,FALSE,TRUE
93,TRUE,TRUE,FALSE,FALSE
94,TRUE,TRUE,FALSE,TRUE
95,TRUE,TRUE,FALSE,TRUE
96,FALSE,FALSE,FALSE,FALSE
97,FALSE,FALSE,FALSE,FALSE
98,FALSE,FALSE,FALSE,FALSE
99,TRUE,FALSE,FALSE,FALSE
100,FALSE,TRUE,TRUE,FALSE
101,FALSE,FALSE,FALSE,FALSE
102,FALSE,FALSE,FALSE,FALSE
103,FALSE,FALSE,FALSE,FALSE
104,FALSE,FALSE,FALSE,FALSE
105,FALSE,FALSE,FALSE,FALSE
106,FALSE,FALSE,FALSE,FALSE
107,FALSE,FALSE,FALSE,FALSE
108,FALSE,FALSE,FALSE,FALSE
109,FALSE,FALSE,FALSE,FALSE
110,FALSE,TRUE,FALSE,TRUE
111,FALSE,FALSE,FALSE,FALSE
112,FALSE,FALSE,FALSE,FALSE
113,FALSE,FALSE,FALSE,FALSE
114,TRUE,TRUE,FALSE,TRUE
115,TRUE,TRUE,FALSE,FALSE
116,FALSE,FALSE,FALSE,FALSE
117,FALSE,FALSE,FALSE,FALSE
118,FALSE,FALSE,FALSE,FALSE
119,TRUE,FALSE,TRUE,TRUE
120,TRUE,TRUE,FALSE,TRUE
121,FALSE,FALSE,FALSE,FALSE
122,FALSE,FALSE,FALSE,FALSE
123,FALSE,FALSE,FALSE,FALSE
124,FALSE,FALSE,FALSE,FALSE
125,TRUE,TRUE,TRUE,TRUE
126,TRUE,TRUE,TRUE,TRUE
127,FALSE,FALSE,FALSE,FALSE
128,FALSE,TRUE,TRUE,FALSE
129,TRUE,TRUE,TRUE,TRUE
130,TRUE,TRUE,TRUE,TRUE
131,TRUE,TRUE,TRUE,TRUE
132,TRUE,TRUE,FALSE,TRUE
133,TRUE,TRUE,TRUE,TRUE
134,TRUE,TRUE,TRUE,TRUE
135,FALSE,TRUE,TRUE,FALSE
136,FALSE,TRUE,TRUE,FALSE
137,TRUE,TRUE,TRUE,TRUE
138,FALSE,FALSE,FALSE,FALSE
139,FALSE,FALSE,FALSE,FALSE
140,TRUE,FALSE,TRUE,FALSE
141,TRUE,TRUE,FALSE,TRUE
142,FALSE,FALSE,FALSE,FALSE
143,TRUE,FALSE,FALSE,TRUE
144,TRUE,TRUE,TRUE,TRUE
145,TRUE,TRUE,TRUE,TRUE
146,FALSE,TRUE,FALSE,FALSE
147,FALSE,TRUE,FALSE,FALSE
148,TRUE,FALSE,TRUE,TRUE
149,FALSE,TRUE,FALSE,TRUE
150,FALSE,TRUE,TRUE,FALSE
151,FALSE,TRUE,TRUE,FALSE
152,FALSE,TRUE,FALSE,FALSE
153,TRUE,FALSE,TRUE,FALSE
154,FALSE,FALSE,FALSE,FALSE
155,FALSE,FALSE,FALSE,FALSE
156,FALSE,FALSE,FALSE,FALSE
157,FALSE,FALSE,FALSE,FALSE
158,FALSE,FALSE,FALSE,FALSE
159,TRUE,TRUE,TRUE,TRUE
160,FALSE,FALSE,TRUE,FALSE
161,FALSE,FALSE,FALSE,FALSE
162,TRUE,TRUE,FALSE,TRUE
163,TRUE,TRUE,TRUE,TRUE
164,TRUE,TRUE,TRUE,FALSE
165,TRUE,TRUE,TRUE,TRUE
166,TRUE,TRUE,TRUE,FALSE
167,FALSE,TRUE,TRUE,FALSE
168,FALSE,TRUE,TRUE,FALSE
169,FALSE,TRUE,FALSE,TRUE
170,TRUE,TRUE,TRUE,TRUE
171,TRUE,TRUE,TRUE,TRUE
172,TRUE,FALSE,FALSE,FALSE
173,TRUE,FALSE,TRUE,FALSE
174,TRUE,TRUE,TRUE,TRUE
175,TRUE,TRUE,FALSE,TRUE
176,TRUE,TRUE,FALSE,TRUE
177,FALSE,FALSE,FALSE,FALSE
178,TRUE,TRUE,TRUE,TRUE
179,FALSE,FALSE,FALSE,FALSE
180,TRUE,TRUE,TRUE,FALSE
181,TRUE,TRUE,TRUE,TRUE
182,FALSE,FALSE,FALSE,FALSE
183,FALSE,FALSE,FALSE,FALSE
184,FALSE,FALSE,FALSE,FALSE
185,FALSE,FALSE,FALSE,FALSE
186,FALSE,FALSE,FALSE,FALSE
187,FALSE,FALSE,FALSE,FALSE
188,FALSE,FALSE,FALSE,FALSE
189,FALSE,FALSE,FALSE,FALSE
190,FALSE,FALSE,FALSE,FALSE
191,FALSE,FALSE,FALSE,FALSE
192,FALSE,FALSE,FALSE,FALSE
193,TRUE,TRUE,TRUE,TRUE
194,FALSE,FALSE,FALSE,FALSE
195,FALSE,FALSE,FALSE,FALSE
196,FALSE,FALSE,FALSE,FALSE
197,TRUE,FALSE,TRUE,FALSE
198,TRUE,FALSE,TRUE,FALSE
199,TRUE,TRUE,TRUE,TRUE
200,TRUE,TRUE,FALSE,TRUE
201,TRUE,TRUE,FALSE,TRUE
202,TRUE,TRUE,TRUE,TRUE
203,TRUE,FALSE,TRUE,FALSE
204,TRUE,FALSE,TRUE,FALSE
205,TRUE,TRUE,TRUE,TRUE
206,TRUE,TRUE,TRUE,TRUE
207,TRUE,TRUE,TRUE,TRUE
208,TRUE,TRUE,TRUE,TRUE
209,TRUE,TRUE,FALSE,TRUE
210,TRUE,TRUE,FALSE,TRUE
211,TRUE,TRUE,TRUE,TRUE
212,TRUE,TRUE,TRUE,TRUE
213,TRUE,FALSE,TRUE,TRUE
214,TRUE,TRUE,FALSE,FALSE
215,TRUE,TRUE,FALSE,TRUE
216,FALSE,TRUE,FALSE,TRUE
217,TRUE,TRUE,TRUE,TRUE
218,TRUE,TRUE,TRUE,TRUE
219,TRUE,FALSE,TRUE,TRUE
220,TRUE,TRUE,TRUE,TRUE
221,FALSE,FALSE,FALSE,FALSE
222,TRUE,TRUE,TRUE,TRUE
223,TRUE,TRUE,TRUE,TRUE
224,TRUE,TRUE,TRUE,FALSE
225,TRUE,TRUE,TRUE,TRUE
226,TRUE,TRUE,TRUE,TRUE
227,TRUE,TRUE,TRUE,TRUE
228,TRUE,TRUE,TRUE,TRUE
229,TRUE,TRUE,FALSE,TRUE
230,FALSE,FALSE,FALSE,FALSE
231,TRUE,TRUE,TRUE,TRUE
232,TRUE,TRUE,TRUE,TRUE
233,TRUE,TRUE,TRUE,TRUE
234,TRUE,TRUE,FALSE,TRUE
235,TRUE,TRUE,FALSE,FALSE
236,TRUE,TRUE,TRUE,TRUE
237,TRUE,TRUE,TRUE,TRUE
238,TRUE,TRUE,TRUE,TRUE
239,TRUE,TRUE,TRUE,TRUE
240,TRUE,TRUE,FALSE,FALSE
241,FALSE,TRUE,FALSE,FALSE
242,FALSE,TRUE,FALSE,FALSE
243,FALSE,TRUE,FALSE,FALSE
244,TRUE,TRUE,TRUE,TRUE
245,FALSE,FALSE,FALSE,FALSE
246,TRUE,TRUE,TRUE,TRUE
247,TRUE,TRUE,TRUE,TRUE
248,TRUE,TRUE,TRUE,FALSE
249,TRUE,TRUE,TRUE,TRUE
250,FALSE,FALSE,FALSE,FALSE
251,FALSE,FALSE,FALSE,FALSE
252,FALSE,FALSE,FALSE,FALSE
253,TRUE,TRUE,TRUE,TRUE
254,TRUE,TRUE,TRUE,TRUE
255,FALSE,FALSE,FALSE,FALSE
256,FALSE,FALSE,FALSE,FALSE
257,TRUE,TRUE,FALSE,TRUE
258,TRUE,TRUE,FALSE,TRUE
259,TRUE,TRUE,FALSE,TRUE
260,TRUE,TRUE,FALSE,TRUE
261,TRUE,TRUE,FALSE,TRUE
262,FALSE,FALSE,FALSE,FALSE
263,TRUE,TRUE,FALSE,TRUE
264,TRUE,TRUE,TRUE,TRUE
265,TRUE,TRUE,TRUE,TRUE
266,FALSE,FALSE,FALSE,FALSE
267,TRUE,FALSE,TRUE,TRUE
268,TRUE,FALSE,TRUE,TRUE
269,FALSE,FALSE,FALSE,FALSE
270,FALSE,FALSE,FALSE,FALSE
271,FALSE,FALSE,FALSE,FALSE
272,TRUE,FALSE,TRUE,FALSE
273,TRUE,FALSE,TRUE,FALSE
274,TRUE,FALSE,TRUE,FALSE
275,TRUE,FALSE,TRUE,FALSE
276,TRUE,TRUE,TRUE,TRUE
277,TRUE,TRUE,FALSE,TRUE
278,TRUE,TRUE,FALSE,TRUE
279,FALSE,FALSE,FALSE,FALSE
280,TRUE,TRUE,FALSE,TRUE
281,FALSE,FALSE,FALSE,FALSE
282,TRUE,TRUE,FALSE,TRUE
283,TRUE,TRUE,FALSE,FALSE
284,TRUE,FALSE,TRUE,TRUE
285,TRUE,TRUE,FALSE,TRUE
286,TRUE,TRUE,TRUE,TRUE
287,TRUE,TRUE,TRUE,FALSE
288,FALSE,FALSE,FALSE,FALSE
289,FALSE,FALSE,FALSE,FALSE
290,FALSE,TRUE,FALSE,TRUE
291,FALSE,TRUE,FALSE,TRUE
292,FALSE,TRUE,FALSE,TRUE
293,TRUE,TRUE,TRUE,TRUE
294,FALSE,FALSE,FALSE,FALSE
295,TRUE,TRUE,FALSE,TRUE
296,TRUE,TRUE,FALSE,TRUE
297,TRUE,TRUE,FALSE,TRUE
298,TRUE,TRUE,TRUE,TRUE
299,TRUE,TRUE,TRUE,TRUE
300,FALSE,FALSE,FALSE,FALSE
301,FALSE,FALSE,FALSE,FALSE
302,TRUE,TRUE,TRUE,TRUE
303,FALSE,FALSE,FALSE,FALSE
304,FALSE,FALSE,FALSE,FALSE
305,FALSE,FALSE,FALSE,FALSE
306,FALSE,FALSE,FALSE,FALSE
307,FALSE,FALSE,TRUE,FALSE
308,FALSE,FALSE,FALSE,FALSE
309,FALSE,FALSE,FALSE,FALSE
310,FALSE,FALSE,TRUE,FALSE
311,TRUE,TRUE,TRUE,TRUE
312,FALSE,FALSE,FALSE,FALSE
313,FALSE,TRUE,TRUE,FALSE
314,FALSE,FALSE,FALSE,FALSE
315,FALSE,FALSE,FALSE,FALSE
316,FALSE,FALSE,FALSE,FALSE
317,FALSE,FALSE,FALSE,FALSE
318,FALSE,FALSE,FALSE,FALSE
319,FALSE,FALSE,FALSE,FALSE
320,FALSE,FALSE,FALSE,FALSE
321,TRUE,FALSE,FALSE,FALSE
322,FALSE,FALSE,FALSE,FALSE
323,FALSE,FALSE,FALSE,FALSE
324,FALSE,FALSE,FALSE,FALSE
325,FALSE,FALSE,FALSE,FALSE
326,FALSE,FALSE,FALSE,FALSE
327,FALSE,FALSE,FALSE,FALSE
328,FALSE,FALSE,FALSE,FALSE
329,FALSE,FALSE,FALSE,FALSE
330,FALSE,FALSE,FALSE,FALSE
331,FALSE,FALSE,FALSE,FALSE
332,FALSE,FALSE,FALSE,FALSE
333,FALSE,FALSE,FALSE,FALSE
334,FALSE,FALSE,FALSE,FALSE
335,FALSE,FALSE,FALSE,FALSE
336,FALSE,FALSE,FALSE,FALSE
337,FALSE,FALSE,FALSE,FALSE
338,FALSE,FALSE,FALSE,FALSE
339,TRUE,TRUE,TRUE,TRUE
340,FALSE,FALSE,FALSE,FALSE
341,FALSE,FALSE,FALSE,FALSE
342,FALSE,FALSE,FALSE,FALSE
343,FALSE,FALSE,FALSE,FALSE
344,FALSE,FALSE,FALSE,FALSE
345,FALSE,FALSE,FALSE,FALSE
346,FALSE,FALSE,FALSE,FALSE
347,FALSE,FALSE,FALSE,FALSE
348,FALSE,FALSE,FALSE,FALSE
349,FALSE,FALSE,FALSE,FALSE
350,FALSE,FALSE,FALSE,FALSE
351,FALSE,FALSE,FALSE,FALSE
352,FALSE,FALSE,FALSE,FALSE
353,FALSE,FALSE,FALSE,FALSE
354,TRUE,TRUE,TRUE,TRUE
355,TRUE,TRUE,TRUE,TRUE
356,FALSE,FALSE,FALSE,FALSE
357,FALSE,FALSE,TRUE,FALSE
358,FALSE,FALSE,FALSE,FALSE
359,TRUE,TRUE,TRUE,TRUE
360,TRUE,TRUE,TRUE,TRUE
361,TRUE,TRUE,FALSE,TRUE
362,TRUE,FALSE,TRUE,FALSE
363,TRUE,FALSE,TRUE,FALSE
364,TRUE,TRUE,TRUE,TRUE
365,TRUE,TRUE,TRUE,TRUE
366,FALSE,FALSE,FALSE,FALSE
367,TRUE,TRUE,TRUE,TRUE
368,TRUE,TRUE,TRUE,TRUE
369,TRUE,TRUE,TRUE,TRUE
370,TRUE,TRUE,TRUE,TRUE
371,TRUE,TRUE,TRUE,TRUE
372,TRUE,TRUE,TRUE,TRUE
373,TRUE,TRUE,TRUE,TRUE
374,TRUE,TRUE,FALSE,TRUE
375,FALSE,TRUE,TRUE,FALSE
376,FALSE,TRUE,FALSE,FALSE
377,FALSE,TRUE,FALSE,FALSE
378,FALSE,FALSE,FALSE,FALSE
379,TRUE,TRUE,TRUE,TRUE
380,FALSE,FALSE,TRUE,FALSE
381,TRUE,TRUE,FALSE,TRUE
382,TRUE,FALSE,TRUE,TRUE
383,TRUE,FALSE,TRUE,TRUE
384,TRUE,TRUE,TRUE,TRUE
385,FALSE,FALSE,FALSE,FALSE
386,TRUE,TRUE,TRUE,TRUE
387,TRUE,TRUE,FALSE,TRUE
388,FALSE,FALSE,TRUE,FALSE
389,FALSE,FALSE,FALSE,FALSE
390,FALSE,FALSE,FALSE,FALSE
391,TRUE,TRUE,TRUE,TRUE
392,TRUE,TRUE,FALSE,TRUE
393,TRUE,TRUE,FALSE,TRUE
394,TRUE,TRUE,TRUE,TRUE
395,TRUE,TRUE,TRUE,TRUE
396,TRUE,TRUE,TRUE,TRUE
397,FALSE,FALSE,FALSE,FALSE
398,TRUE,TRUE,TRUE,TRUE
399,FALSE,FALSE,FALSE,FALSE
400,TRUE,TRUE,FALSE,TRUE
401,TRUE,FALSE,TRUE,TRUE
402,TRUE,TRUE,FALSE,TRUE
403,FALSE,FALSE,FALSE,FALSE
404,TRUE,TRUE,FALSE,TRUE
405,TRUE,FALSE,TRUE,FALSE
406,FALSE,TRUE,FALSE,FALSE
407,FALSE,TRUE,FALSE,FALSE
408,TRUE,TRUE,TRUE,TRUE
409,TRUE,TRUE,TRUE,TRUE
410,FALSE,FALSE,FALSE,FALSE
411,FALSE,FALSE,FALSE,FALSE
412,TRUE,TRUE,TRUE,TRUE
413,TRUE,TRUE,TRUE,TRUE
414,TRUE,TRUE,TRUE,TRUE
415,TRUE,TRUE,TRUE,TRUE
416,TRUE,FALSE,TRUE,TRUE
417,FALSE,FALSE,FALSE,FALSE
418,TRUE,TRUE,TRUE,TRUE
419,TRUE,TRUE,TRUE,TRUE
420,FALSE,TRUE,FALSE,FALSE
421,FALSE,FALSE,FALSE,FALSE
422,FALSE,FALSE,FALSE,FALSE
423,FALSE,FALSE,FALSE,FALSE
424,TRUE,TRUE,TRUE,TRUE
425,FALSE,FALSE,FALSE,FALSE
426,FALSE,TRUE,TRUE,FALSE
427,FALSE,TRUE,TRUE,FALSE
428,FALSE,FALSE,FALSE,FALSE
429,TRUE,FALSE,TRUE,TRUE
430,TRUE,TRUE,TRUE,FALSE
431,FALSE,FALSE,FALSE,FALSE
432,TRUE,TRUE,FALSE,TRUE
433,FALSE,TRUE,FALSE,TRUE
434,TRUE,TRUE,FALSE,TRUE
435,TRUE,TRUE,FALSE,TRUE
436,FALSE,FALSE,FALSE,FALSE
437,FALSE,FALSE,FALSE,FALSE
438,TRUE,TRUE,TRUE,TRUE
439,TRUE,FALSE,FALSE,TRUE
440,TRUE,FALSE,FALSE,TRUE
441,TRUE,FALSE,FALSE,TRUE
442,FALSE,FALSE,FALSE,FALSE
443,TRUE,FALSE,FALSE,FALSE
444,TRUE,FALSE,FALSE,FALSE
445,TRUE,TRUE,FALSE,TRUE
446,FALSE,TRUE,FALSE,FALSE
447,TRUE,TRUE,TRUE,TRUE
448,FALSE,FALSE,FALSE,FALSE
449,FALSE,FALSE,FALSE,FALSE
450,FALSE,FALSE,FALSE,FALSE
451,FALSE,FALSE,FALSE,FALSE
452,FALSE,FALSE,FALSE,FALSE
453,FALSE,FALSE,FALSE,FALSE
454,TRUE,TRUE,TRUE,TRUE
455,TRUE,FALSE,TRUE,TRUE
456,TRUE,FALSE,FALSE,FALSE
457,TRUE,TRUE,TRUE,FALSE
458,TRUE,TRUE,TRUE,FALSE
459,TRUE,TRUE,TRUE,FALSE
460,TRUE,TRUE,TRUE,FALSE
461,TRUE,TRUE,TRUE,FALSE
462,TRUE,TRUE,TRUE,FALSE
463,TRUE,TRUE,TRUE,TRUE
464,TRUE,TRUE,TRUE,TRUE
465,TRUE,TRUE,TRUE,TRUE
466,TRUE,TRUE,TRUE,TRUE
467,TRUE,TRUE,TRUE,TRUE
468,TRUE,TRUE,TRUE,TRUE
469,TRUE,TRUE,TRUE,TRUE
470,TRUE,TRUE,TRUE,TRUE
471,TRUE,TRUE,TRUE,TRUE
472,TRUE,TRUE,TRUE,TRUE
473,TRUE,TRUE,TRUE,TRUE
474,TRUE,TRUE,TRUE,TRUE
475,TRUE,TRUE,TRUE,TRUE
476,TRUE,TRUE,TRUE,TRUE
477,TRUE,TRUE,TRUE,TRUE
478,TRUE,TRUE,FALSE,TRUE
479,TRUE,TRUE,TRUE,TRUE
480,TRUE,FALSE,TRUE,FALSE
481,TRUE,FALSE,TRUE,FALSE
482,TRUE,TRUE,TRUE,TRUE
483,TRUE,FALSE,TRUE,FALSE
484,FALSE,TRUE,FALSE,FALSE
485,FALSE,FALSE,FALSE,FALSE
486,FALSE,FALSE,FALSE,FALSE
487,TRUE,TRUE,TRUE,TRUE
488,TRUE,TRUE,TRUE,TRUE
489,FALSE,FALSE,FALSE,FALSE
490,TRUE,TRUE,TRUE,TRUE
491,TRUE,TRUE,TRUE,TRUE
492,FALSE,FALSE,FALSE,FALSE
493,FALSE,FALSE,FALSE,FALSE
494,FALSE,FALSE,FALSE,FALSE
495,FALSE,TRUE,FALSE,FALSE
496,FALSE,TRUE,FALSE,TRUE
497,FALSE,TRUE,FALSE,TRUE
498,FALSE,TRUE,FALSE,TRUE
499,FALSE,TRUE,FALSE,TRUE
500,FALSE,TRUE,FALSE,TRUE
501,FALSE,TRUE,FALSE,FALSE
502,FALSE,TRUE,FALSE,FALSE
503,FALSE,TRUE,FALSE,FALSE
504,FALSE,TRUE,FALSE,FALSE
505,FALSE,TRUE,FALSE,TRUE
506,FALSE,TRUE,FALSE,TRUE
507,FALSE,TRUE,FALSE,TRUE
508,FALSE,TRUE,FALSE,TRUE
509,FALSE,TRUE,FALSE,TRUE
510,FALSE,FALSE,FALSE,FALSE
511,FALSE,FALSE,FALSE,FALSE
512,FALSE,FALSE,FALSE,FALSE
513,FALSE,TRUE,FALSE,FALSE
514,FALSE,TRUE,FALSE,FALSE
515,FALSE,TRUE,FALSE,FALSE
516,FALSE,TRUE,FALSE,TRUE
517,TRUE,TRUE,TRUE,TRUE
518,TRUE,TRUE,TRUE,TRUE
519,TRUE,TRUE,TRUE,TRUE
520,TRUE,FALSE,TRUE,TRUE
521,FALSE,FALSE,FALSE,FALSE
522,FALSE,FALSE,FALSE,FALSE
523,FALSE,FALSE,FALSE,FALSE
524,FALSE,FALSE,FALSE,FALSE
525,FALSE,FALSE,FALSE,FALSE
526,FALSE,FALSE,FALSE,FALSE
527,FALSE,FALSE,FALSE,FALSE
528,FALSE,FALSE,FALSE,FALSE
529,FALSE,FALSE,FALSE,FALSE
530,FALSE,FALSE,FALSE,FALSE
531,FALSE,FALSE,FALSE,FALSE
532,FALSE,FALSE,FALSE,FALSE
533,FALSE,FALSE,FALSE,FALSE
534,FALSE,FALSE,FALSE,FALSE
535,FALSE,FALSE,FALSE,FALSE
536,FALSE,TRUE,FALSE,TRUE
537,TRUE,FALSE,FALSE,TRUE
538,TRUE,FALSE,FALSE,TRUE
539,TRUE,FALSE,TRUE,TRUE
540,TRUE,FALSE,FALSE,TRUE
541,TRUE,FALSE,TRUE,TRUE
542,TRUE,FALSE,FALSE,TRUE
543,TRUE,FALSE,FALSE,TRUE
544,TRUE,FALSE,FALSE,TRUE
545,TRUE,FALSE,FALSE,TRUE
546,TRUE,FALSE,FALSE,TRUE
547,TRUE,FALSE,FALSE,TRUE
548,TRUE,FALSE,FALSE,TRUE
549,TRUE,FALSE,FALSE,TRUE
550,TRUE,FALSE,TRUE,TRUE
551,TRUE,FALSE,TRUE,TRUE
552,TRUE,FALSE,TRUE,TRUE
553,FALSE,FALSE,FALSE,FALSE
554,FALSE,FALSE,FALSE,FALSE
555,FALSE,FALSE,FALSE,FALSE
556,TRUE,TRUE,TRUE,TRUE
557,TRUE,TRUE,TRUE,TRUE
558,TRUE,TRUE,TRUE,TRUE
559,FALSE,TRUE,TRUE,FALSE
560,FALSE,FALSE,FALSE,FALSE
561,TRUE,TRUE,TRUE,TRUE
562,TRUE,TRUE,TRUE,TRUE
563,FALSE,FALSE,FALSE,FALSE
564,FALSE,FALSE,FALSE,FALSE
565,FALSE,FALSE,FALSE,FALSE
566,FALSE,FALSE,FALSE,FALSE
567,FALSE,FALSE,FALSE,FALSE
568,FALSE,FALSE,FALSE,FALSE
569,FALSE,FALSE,FALSE,FALSE
570,FALSE,FALSE,FALSE,FALSE
571,FALSE,FALSE,FALSE,FALSE
572,FALSE,FALSE,FALSE,FALSE
573,FALSE,FALSE,FALSE,FALSE
574,FALSE,FALSE,FALSE,FALSE
575,FALSE,FALSE,FALSE,FALSE
576,TRUE,TRUE,TRUE,FALSE
577,FALSE,FALSE,FALSE,FALSE
578,FALSE,TRUE,FALSE,TRUE
579,TRUE,TRUE,TRUE,TRUE
580,TRUE,TRUE,TRUE,TRUE
581,FALSE,TRUE,FALSE,FALSE
582,FALSE,TRUE,FALSE,FALSE
583,FALSE,TRUE,FALSE,FALSE
584,TRUE,TRUE,FALSE,FALSE
585,TRUE,TRUE,FALSE,FALSE
586,FALSE,FALSE,FALSE,FALSE
587,FALSE,FALSE,FALSE,FALSE
588,TRUE,TRUE,TRUE,TRUE
589,TRUE,TRUE,TRUE,TRUE
590,TRUE,TRUE,TRUE,TRUE
591,TRUE,TRUE,TRUE,TRUE
592,TRUE,TRUE,TRUE,TRUE
593,TRUE,TRUE,TRUE,TRUE
594,TRUE,TRUE,TRUE,TRUE
595,FALSE,TRUE,TRUE,FALSE
596,TRUE,TRUE,FALSE,TRUE
597,FALSE,FALSE,FALSE,FALSE
598,TRUE,TRUE,TRUE,TRUE
599,TRUE,TRUE,FALSE,TRUE
600,FALSE,TRUE,FALSE,FALSE
601,TRUE,TRUE,TRUE,TRUE
602,FALSE,FALSE,FALSE,FALSE
603,FALSE,TRUE,TRUE,FALSE
604,FALSE,FALSE,FALSE,FALSE
605,TRUE,TRUE,TRUE,TRUE
606,TRUE,TRUE,TRUE,TRUE
607,TRUE,TRUE,TRUE,TRUE
608,FALSE,FALSE,FALSE,FALSE
609,FALSE,FALSE,FALSE,FALSE
610,FALSE,TRUE,FALSE,TRUE
611,FALSE,FALSE,FALSE,FALSE
612,TRUE,TRUE,TRUE,TRUE
613,FALSE,FALSE,FALSE,FALSE
614,TRUE,TRUE,FALSE,TRUE
615,FALSE,FALSE,FALSE,FALSE
616,FALSE,TRUE,FALSE,FALSE
617,FALSE,TRUE,FALSE,TRUE
618,FALSE,TRUE,FALSE,TRUE
619,TRUE,TRUE,TRUE,TRUE
620,FALSE,FALSE,FALSE,FALSE
621,TRUE,TRUE,TRUE,TRUE
622,FALSE,TRUE,FALSE,FALSE
623,FALSE,TRUE,FALSE,FALSE
624,FALSE,TRUE,TRUE,FALSE
625,TRUE,TRUE,TRUE,TRUE
626,FALSE,TRUE,TRUE,FALSE
627,TRUE,TRUE,TRUE,TRUE
628,TRUE,TRUE,TRUE,TRUE
629,FALSE,FALSE,FALSE,FALSE
630,FALSE,FALSE,FALSE,FALSE
631,TRUE,TRUE,TRUE,TRUE
632,TRUE,TRUE,TRUE,TRUE
633,FALSE,TRUE,FALSE,TRUE
634,TRUE,TRUE,TRUE,TRUE
635,FALSE,FALSE,FALSE,FALSE
636,TRUE,TRUE,TRUE,TRUE
637,TRUE,TRUE,TRUE,TRUE
638,TRUE,TRUE,TRUE,FALSE
639,FALSE,FALSE,FALSE,FALSE
640,FALSE,TRUE,TRUE,FALSE
641,TRUE,TRUE,TRUE,FALSE
642,FALSE,FALSE,FALSE,FALSE
643,TRUE,FALSE,TRUE,TRUE
644,TRUE,FALSE,TRUE,TRUE
645,FALSE,FALSE,FALSE,FALSE
646,TRUE,TRUE,TRUE,TRUE
647,FALSE,FALSE,FALSE,FALSE
648,FALSE,FALSE,FALSE,FALSE
649,FALSE,FALSE,FALSE,FALSE
650,TRUE,TRUE,TRUE,TRUE
651,FALSE,FALSE,FALSE,FALSE
652,TRUE,FALSE,TRUE,FALSE
653,TRUE,FALSE,TRUE,FALSE
654,TRUE,FALSE,FALSE,FALSE
655,TRUE,FALSE,TRUE,TRUE
656,FALSE,FALSE,FALSE,FALSE
657,FALSE,FALSE,FALSE,FALSE
658,FALSE,FALSE,FALSE,FALSE
659,FALSE,FALSE,FALSE,FALSE
660,FALSE,FALSE,FALSE,FALSE
661,FALSE,FALSE,FALSE,FALSE
662,FALSE,FALSE,FALSE,FALSE
663,TRUE,FALSE,FALSE,TRUE
664,FALSE,FALSE,FALSE,FALSE
665,FALSE,FALSE,FALSE,FALSE
666,TRUE,TRUE,TRUE,TRUE
667,TRUE,TRUE,FALSE,TRUE
668,FALSE,FALSE,FALSE,FALSE
669,FALSE,FALSE,FALSE,FALSE
670,TRUE,TRUE,TRUE,TRUE
671,TRUE,TRUE,TRUE,TRUE
672,TRUE,TRUE,FALSE,TRUE
673,FALSE,FALSE,FALSE,FALSE
674,FALSE,FALSE,FALSE,FALSE
675,FALSE,FALSE,FALSE,FALSE
676,FALSE,TRUE,FALSE,FALSE
677,FALSE,FALSE,FALSE,FALSE
678,FALSE,FALSE,FALSE,FALSE
679,FALSE,TRUE,TRUE,FALSE
680,FALSE,FALSE,FALSE,FALSE
681,FALSE,FALSE,FALSE,FALSE
682,TRUE,FALSE,TRUE,FALSE
683,TRUE,TRUE,FALSE,FALSE
684,FALSE,FALSE,FALSE,FALSE
685,TRUE,TRUE,TRUE,FALSE
686,TRUE,TRUE,TRUE,TRUE
687,TRUE,TRUE,TRUE,FALSE
688,FALSE,FALSE,FALSE,FALSE
689,FALSE,FALSE,FALSE,FALSE
690,TRUE,TRUE,TRUE,FALSE
691,FALSE,FALSE,FALSE,FALSE
692,FALSE,FALSE,FALSE,FALSE
693,FALSE,FALSE,FALSE,FALSE
694,FALSE,FALSE,FALSE,FALSE
695,TRUE,TRUE,FALSE,TRUE
696,TRUE,TRUE,FALSE,TRUE
697,TRUE,TRUE,FALSE,TRUE
698,TRUE,TRUE,FALSE,TRUE
699,TRUE,TRUE,FALSE,TRUE
700,TRUE,TRUE,FALSE,TRUE
701,TRUE,TRUE,FALSE,FALSE
702,TRUE,TRUE,FALSE,FALSE
703,FALSE,FALSE,FALSE,FALSE
704,TRUE,FALSE,TRUE,FALSE
705,TRUE,FALSE,TRUE,TRUE
706,TRUE,TRUE,FALSE,TRUE
707,TRUE,FALSE,TRUE,TRUE
708,TRUE,FALSE,TRUE,TRUE
709,TRUE,TRUE,TRUE,TRUE
710,TRUE,TRUE,FALSE,TRUE
711,TRUE,TRUE,FALSE,TRUE
712,TRUE,FALSE,FALSE,TRUE
713,TRUE,TRUE,FALSE,TRUE
714,FALSE,TRUE,TRUE,FALSE
715,TRUE,TRUE,TRUE,TRUE
716,TRUE,TRUE,TRUE,TRUE
717,TRUE,TRUE,TRUE,TRUE
718,FALSE,TRUE,TRUE,FALSE
719,TRUE,TRUE,TRUE,TRUE
720,TRUE,TRUE,FALSE,TRUE
721,TRUE,TRUE,TRUE,TRUE
722,TRUE,TRUE,TRUE,TRUE
723,TRUE,TRUE,TRUE,TRUE
724,TRUE,TRUE,TRUE,TRUE
725,TRUE,TRUE,TRUE,FALSE
726,TRUE,TRUE,FALSE,FALSE
727,TRUE,FALSE,FALSE,FALSE
728,TRUE,TRUE,FALSE,TRUE
729,FALSE,TRUE,FALSE,FALSE
730,FALSE,FALSE,FALSE,FALSE
731,FALSE,FALSE,FALSE,FALSE
732,FALSE,TRUE,FALSE,FALSE
733,TRUE,TRUE,FALSE,TRUE
734,TRUE,FALSE,TRUE,TRUE
735,FALSE,FALSE,FALSE,FALSE
736,TRUE,TRUE,TRUE,FALSE
737,TRUE,TRUE,FALSE,TRUE
738,FALSE,TRUE,FALSE,FALSE
739,FALSE,TRUE,FALSE,FALSE
740,TRUE,TRUE,TRUE,TRUE
741,TRUE,TRUE,TRUE,TRUE
742,TRUE,TRUE,FALSE,TRUE
743,TRUE,TRUE,FALSE,TRUE
744,TRUE,TRUE,TRUE,TRUE
745,TRUE,TRUE,TRUE,TRUE
746,TRUE,TRUE,TRUE,TRUE
747,TRUE,TRUE,TRUE,TRUE
748,FALSE,TRUE,TRUE,FALSE
749,TRUE,TRUE,TRUE,TRUE
750,FALSE,FALSE,FALSE,FALSE
751,TRUE,TRUE,FALSE,TRUE
752,TRUE,TRUE,FALSE,TRUE
753,TRUE,TRUE,FALSE,TRUE
754,TRUE,TRUE,FALSE,FALSE
755,FALSE,TRUE,FALSE,FALSE
756,FALSE,TRUE,FALSE,FALSE
757,TRUE,TRUE,FALSE,TRUE
758,FALSE,FALSE,FALSE,FALSE
759,TRUE,TRUE,TRUE,FALSE
760,FALSE,TRUE,FALSE,FALSE
761,FALSE,FALSE,FALSE,FALSE
762,FALSE,FALSE,FALSE,FALSE
763,FALSE,TRUE,FALSE,FALSE
764,FALSE,TRUE,FALSE,FALSE
765,TRUE,TRUE,FALSE,TRUE
766,TRUE,FALSE,TRUE,TRUE
767,TRUE,TRUE,TRUE,TRUE
768,TRUE,TRUE,TRUE,TRUE
769,TRUE,TRUE,TRUE,TRUE
770,TRUE,TRUE,TRUE,FALSE
771,FALSE,FALSE,FALSE,FALSE
772,FALSE,FALSE,FALSE,FALSE
773,FALSE,FALSE,FALSE,FALSE
774,FALSE,FALSE,FALSE,FALSE
775,TRUE,TRUE,TRUE,TRUE
776,TRUE,TRUE,TRUE,TRUE
777,FALSE,FALSE,FALSE,FALSE
778,TRUE,TRUE,FALSE,TRUE
779,TRUE,TRUE,FALSE,TRUE
780,TRUE,TRUE,FALSE,TRUE
781,TRUE,TRUE,FALSE,TRUE
782,TRUE,TRUE,FALSE,TRUE
783,TRUE,TRUE,FALSE,TRUE
784,FALSE,FALSE,FALSE,FALSE
785,FALSE,FALSE,FALSE,FALSE
786,FALSE,FALSE,FALSE,FALSE
787,TRUE,TRUE,TRUE,FALSE
788,TRUE,TRUE,TRUE,FALSE
789,TRUE,TRUE,TRUE,FALSE
790,TRUE,TRUE,TRUE,FALSE
791,FALSE,FALSE,FALSE,FALSE
792,TRUE,TRUE,TRUE,TRUE
793,FALSE,FALSE,FALSE,FALSE
794,TRUE,TRUE,TRUE,FALSE
795,FALSE,FALSE,FALSE,FALSE
796,FALSE,TRUE,FALSE,FALSE
797,FALSE,TRUE,FALSE,FALSE
798,FALSE,TRUE,TRUE,FALSE
799,TRUE,TRUE,TRUE,TRUE
800,FALSE,FALSE,FALSE,FALSE
801,TRUE,TRUE,TRUE,TRUE
802,TRUE,TRUE,FALSE,FALSE
803,FALSE,TRUE,TRUE,FALSE
804,TRUE,TRUE,TRUE,TRUE
805,TRUE,TRUE,TRUE,TRUE
806,TRUE,TRUE,TRUE,TRUE
807,TRUE,TRUE,TRUE,TRUE
808,TRUE,TRUE,TRUE,TRUE
809,TRUE,TRUE,FALSE,TRUE
810,TRUE,TRUE,TRUE,FALSE
811,FALSE,FALSE,FALSE,FALSE
812,TRUE,TRUE,TRUE,FALSE
813,TRUE,TRUE,TRUE,FALSE
814,TRUE,TRUE,TRUE,FALSE
815,FALSE,FALSE,FALSE,FALSE
816,FALSE,TRUE,FALSE,TRUE
817,FALSE,TRUE,FALSE,FALSE
818,TRUE,TRUE,FALSE,FALSE
819,FALSE,FALSE,FALSE,FALSE
820,FALSE,FALSE,FALSE,FALSE
821,TRUE,TRUE,FALSE,FALSE
822,FALSE,FALSE,FALSE,FALSE
823,TRUE,TRUE,FALSE,FALSE
824,FALSE,FALSE,FALSE,FALSE
825,FALSE,FALSE,FALSE,FALSE
826,FALSE,FALSE,FALSE,FALSE
827,TRUE,TRUE,TRUE,TRUE
828,TRUE,TRUE,TRUE,TRUE
829,TRUE,TRUE,TRUE,TRUE
830,FALSE,FALSE,FALSE,FALSE
831,FALSE,FALSE,FALSE,FALSE
832,FALSE,FALSE,FALSE,FALSE
833,TRUE,TRUE,FALSE,TRUE
834,FALSE,TRUE,FALSE,TRUE
835,TRUE,TRUE,FALSE,TRUE
836,FALSE,FALSE,FALSE,FALSE
837,TRUE,TRUE,TRUE,TRUE
838,FALSE,FALSE,FALSE,FALSE
839,FALSE,TRUE,FALSE,FALSE
840,TRUE,TRUE,TRUE,FALSE
841,TRUE,TRUE,TRUE,TRUE
842,FALSE,FALSE,FALSE,FALSE
843,TRUE,TRUE,TRUE,TRUE
844,FALSE,FALSE,FALSE,FALSE
845,FALSE,FALSE,FALSE,FALSE
846,FALSE,FALSE,FALSE,FALSE
847,FALSE,FALSE,FALSE,FALSE
848,FALSE,FALSE,FALSE,FALSE
849,TRUE,TRUE,TRUE,TRUE
850,TRUE,TRUE,FALSE,TRUE
851,TRUE,TRUE,FALSE,TRUE
852,FALSE,TRUE,FALSE,FALSE
853,TRUE,TRUE,FALSE,TRUE
854,FALSE,FALSE,FALSE,FALSE
855,TRUE,TRUE,TRUE,TRUE
856,TRUE,TRUE,TRUE,TRUE
857,FALSE,TRUE,FALSE,FALSE
858,TRUE,TRUE,TRUE,FALSE
859,FALSE,FALSE,FALSE,FALSE
860,FALSE,FALSE,FALSE,FALSE
861,TRUE,TRUE,FALSE,TRUE
862,TRUE,TRUE,TRUE,TRUE
863,TRUE,TRUE,FALSE,TRUE
864,FALSE,FALSE,FALSE,FALSE
865,TRUE,TRUE,TRUE,FALSE
866,TRUE,TRUE,TRUE,TRUE
867,TRUE,TRUE,TRUE,FALSE
868,TRUE,TRUE,TRUE,TRUE
869,FALSE,FALSE,FALSE,FALSE
870,TRUE,TRUE,TRUE,TRUE
871,TRUE,TRUE,TRUE,TRUE
872,TRUE,TRUE,TRUE,TRUE
873,TRUE,TRUE,FALSE,FALSE
874,FALSE,FALSE,FALSE,FALSE
875,TRUE,FALSE,TRUE,TRUE
876,TRUE,FALSE,FALSE,FALSE
877,FALSE,FALSE,FALSE,FALSE
878,FALSE,FALSE,FALSE,FALSE
879,FALSE,FALSE,FALSE,FALSE
880,FALSE,FALSE,FALSE,FALSE
881,FALSE,FALSE,FALSE,FALSE
882,TRUE,TRUE,FALSE,TRUE
883,FALSE,TRUE,FALSE,FALSE
884,FALSE,FALSE,FALSE,FALSE
885,TRUE,FALSE,TRUE,TRUE
886,TRUE,TRUE,FALSE,TRUE
887,TRUE,TRUE,TRUE,TRUE
888,FALSE,FALSE,TRUE,FALSE
889,TRUE,TRUE,FALSE,TRUE
890,TRUE,FALSE,TRUE,TRUE
891,TRUE,FALSE,TRUE,TRUE
892,TRUE,FALSE,TRUE,TRUE
893,TRUE,FALSE,TRUE,TRUE
894,TRUE,FALSE,TRUE,TRUE
895,TRUE,TRUE,TRUE,TRUE
896,TRUE,TRUE,FALSE,TRUE
897,TRUE,TRUE,TRUE,TRUE
898,TRUE,TRUE,TRUE,TRUE
899,TRUE,TRUE,TRUE,TRUE
900,TRUE,TRUE,TRUE,TRUE
901,TRUE,TRUE,TRUE,TRUE
902,TRUE,TRUE,TRUE,TRUE
903,TRUE,TRUE,TRUE,TRUE
904,TRUE,TRUE,TRUE,TRUE
905,TRUE,TRUE,TRUE,TRUE
906,TRUE,TRUE,TRUE,TRUE
907,TRUE,TRUE,TRUE,TRUE
908,TRUE,TRUE,TRUE,TRUE
909,TRUE,TRUE,TRUE,TRUE
910,TRUE,TRUE,TRUE,TRUE
911,TRUE,TRUE,TRUE,TRUE
912,TRUE,TRUE,TRUE,TRUE
913,TRUE,TRUE,TRUE,TRUE
914,TRUE,TRUE,TRUE,TRUE
915,TRUE,TRUE,TRUE,TRUE
916,TRUE,TRUE,TRUE,TRUE
917,TRUE,TRUE,TRUE,TRUE
918,TRUE,TRUE,TRUE,TRUE
919,TRUE,TRUE,TRUE,TRUE
920,TRUE,TRUE,TRUE,TRUE
921,FALSE,FALSE,FALSE,FALSE
922,FALSE,FALSE,FALSE,FALSE
923,FALSE,FALSE,FALSE,FALSE
924,FALSE,FALSE,FALSE,FALSE
925,FALSE,FALSE,FALSE,FALSE
926,FALSE,FALSE,FALSE,FALSE
927,FALSE,FALSE,FALSE,FALSE
928,TRUE,FALSE,TRUE,FALSE
929,FALSE,FALSE,FALSE,FALSE
930,TRUE,FALSE,TRUE,FALSE
931,TRUE,FALSE,TRUE,FALSE
932,FALSE,FALSE,FALSE,FALSE
933,TRUE,FALSE,TRUE,TRUE
934,TRUE,FALSE,TRUE,TRUE
935,TRUE,FALSE,TRUE,TRUE
936,TRUE,FALSE,TRUE,FALSE
937,TRUE,FALSE,TRUE,FALSE
938,TRUE,FALSE,TRUE,FALSE
939,TRUE,FALSE,TRUE,FALSE
940,FALSE,FALSE,FALSE,FALSE
941,TRUE,TRUE,TRUE,TRUE
942,TRUE,TRUE,TRUE,TRUE
943,TRUE,TRUE,TRUE,TRUE
944,TRUE,FALSE,TRUE,TRUE
945,FALSE,FALSE,FALSE,FALSE
946,TRUE,TRUE,FALSE,TRUE
947,FALSE,FALSE,FALSE,FALSE
948,FALSE,FALSE,FALSE,FALSE
949,FALSE,FALSE,FALSE,FALSE
950,FALSE,TRUE,FALSE,FALSE
951,TRUE,TRUE,FALSE,TRUE
952,FALSE,FALSE,FALSE,FALSE
953,FALSE,FALSE,FALSE,FALSE
954,FALSE,FALSE,FALSE,FALSE
955,TRUE,TRUE,TRUE,TRUE
956,FALSE,FALSE,FALSE,FALSE
957,FALSE,FALSE,FALSE,FALSE
958,TRUE,TRUE,TRUE,TRUE
959,FALSE,FALSE,FALSE,FALSE
960,TRUE,TRUE,TRUE,TRUE
961,TRUE,TRUE,TRUE,TRUE
962,FALSE,FALSE,FALSE,FALSE
963,TRUE,TRUE,TRUE,TRUE
964,TRUE,TRUE,TRUE,FALSE
965,FALSE,FALSE,FALSE,FALSE
966,TRUE,TRUE,TRUE,FALSE
967,TRUE,TRUE,TRUE,TRUE
968,FALSE,FALSE,FALSE,FALSE
969,FALSE,TRUE,FALSE,FALSE
970,TRUE,TRUE,TRUE,TRUE
971,TRUE,TRUE,TRUE,TRUE
972,FALSE,TRUE,TRUE,FALSE
973,TRUE,TRUE,TRUE,TRUE
974,TRUE,TRUE,FALSE,TRUE
975,FALSE,TRUE,TRUE,FALSE
976,FALSE,FALSE,FALSE,FALSE
977,TRUE,TRUE,TRUE,FALSE
978,TRUE,FALSE,TRUE,TRUE
979,TRUE,TRUE,TRUE,TRUE
980,TRUE,TRUE,TRUE,TRUE
981,FALSE,FALSE,FALSE,FALSE
982,FALSE,FALSE,FALSE,FALSE
983,TRUE,TRUE,FALSE,TRUE
984,TRUE,TRUE,FALSE,TRUE
985,TRUE,TRUE,FALSE,FALSE
986,FALSE,FALSE,FALSE,FALSE
987,TRUE,TRUE,TRUE,TRUE
988,TRUE,TRUE,TRUE,TRUE
989,FALSE,FALSE,FALSE,FALSE
990,TRUE,TRUE,TRUE,TRUE
991,TRUE,TRUE,TRUE,TRUE
992,TRUE,TRUE,TRUE,TRUE
993,TRUE,TRUE,TRUE,TRUE
994,TRUE,TRUE,FALSE,TRUE
995,TRUE,FALSE,FALSE,TRUE
996,TRUE,FALSE,FALSE,TRUE
997,TRUE,TRUE,FALSE,TRUE
998,TRUE,TRUE,FALSE,TRUE
999,TRUE,FALSE,FALSE,TRUE
1000,TRUE,TRUE,FALSE,TRUE
1001,TRUE,FALSE,FALSE,TRUE
1002,TRUE,TRUE,FALSE,TRUE
1003,TRUE,TRUE,FALSE,TRUE
1004,TRUE,TRUE,FALSE,TRUE
1005,TRUE,FALSE,FALSE,TRUE
1006,TRUE,FALSE,FALSE,TRUE
1007,TRUE,TRUE,FALSE,TRUE
1008,TRUE,TRUE,FALSE,TRUE
1009,FALSE,FALSE,FALSE,FALSE
1010,FALSE,TRUE,FALSE,FALSE
1011,TRUE,TRUE,FALSE,TRUE
1012,TRUE,TRUE,TRUE,TRUE
1013,FALSE,FALSE,FALSE,FALSE
1014,FALSE,FALSE,FALSE,FALSE
1015,TRUE,TRUE,TRUE,TRUE
1016,TRUE,TRUE,TRUE,FALSE
1017,TRUE,TRUE,TRUE,TRUE
1018,FALSE,TRUE,FALSE,TRUE
1019,TRUE,TRUE,TRUE,TRUE
1020,TRUE,TRUE,FALSE,TRUE
1021,TRUE,FALSE,TRUE,TRUE
1022,TRUE,TRUE,TRUE,TRUE
1023,TRUE,TRUE,FALSE,FALSE
1024,FALSE,FALSE,FALSE,FALSE
1025,TRUE,TRUE,FALSE,FALSE
1026,TRUE,TRUE,TRUE,TRUE
1027,FALSE,FALSE,FALSE,FALSE
1028,FALSE,FALSE,FALSE,FALSE
1029,TRUE,TRUE,TRUE,TRUE
1030,TRUE,TRUE,TRUE,TRUE
1031,TRUE,TRUE,TRUE,TRUE
1032,TRUE,TRUE,FALSE,TRUE
1033,TRUE,TRUE,TRUE,TRUE
1034,TRUE,TRUE,TRUE,TRUE
1035,TRUE,TRUE,TRUE,TRUE
1036,TRUE,TRUE,TRUE,TRUE
1037,FALSE,FALSE,FALSE,FALSE
1038,FALSE,FALSE,FALSE,FALSE
1039,FALSE,FALSE,FALSE,FALSE
1040,FALSE,FALSE,FALSE,FALSE
1041,TRUE,TRUE,TRUE,TRUE
1042,FALSE,FALSE,FALSE,FALSE
1043,FALSE,FALSE,FALSE,FALSE
1044,FALSE,FALSE,FALSE,FALSE
1045,FALSE,FALSE,FALSE,FALSE
1046,FALSE,FALSE,FALSE,FALSE
1047,FALSE,FALSE,FALSE,FALSE
1048,FALSE,TRUE,FALSE,FALSE
1049,FALSE,TRUE,FALSE,FALSE
1050,FALSE,FALSE,FALSE,FALSE
1051,TRUE,TRUE,FALSE,FALSE
1052,TRUE,TRUE,FALSE,TRUE
1053,TRUE,TRUE,FALSE,TRUE
1054,TRUE,TRUE,FALSE,TRUE
1055,FALSE,TRUE,FALSE,FALSE
1056,TRUE,TRUE,TRUE,TRUE
1057,TRUE,TRUE,TRUE,FALSE
1058,TRUE,TRUE,TRUE,TRUE
1059,TRUE,TRUE,TRUE,TRUE
1060,TRUE,TRUE,TRUE,TRUE
1061,FALSE,FALSE,FALSE,FALSE
1062,TRUE,TRUE,FALSE,TRUE
1063,FALSE,FALSE,FALSE,FALSE
1064,TRUE,TRUE,FALSE,TRUE
1065,TRUE,TRUE,FALSE,TRUE
1066,TRUE,TRUE,FALSE,TRUE
1067,TRUE,TRUE,FALSE,TRUE
1068,FALSE,FALSE,FALSE,FALSE
1069,FALSE,FALSE,FALSE,FALSE
1070,FALSE,FALSE,FALSE,FALSE
1071,FALSE,FALSE,FALSE,FALSE
1072,TRUE,TRUE,TRUE,FALSE
1073,TRUE,TRUE,TRUE,TRUE
1074,TRUE,TRUE,TRUE,TRUE
1075,FALSE,TRUE,TRUE,FALSE
1076,TRUE,TRUE,TRUE,TRUE
1077,TRUE,TRUE,TRUE,TRUE
1078,FALSE,FALSE,FALSE,FALSE
1079,TRUE,TRUE,TRUE,FALSE